What time is the math class?,time,math
What time is the science class?,time,science
What time is the english class?,time,english
What time is the history class?,time,history
What time is the physics class?,time,physics
What time is the chemistry class?,time,chemistry
What time is the math class with professor john?,time,math,john
What time is the science class with professor john?,time,science,john
What time is the english class with professor john?,time,english,john
What time is the history class with professor john?,time,history,john
What time is the physics class with professor john?,time,physics,john
What time is the chemistry class with professor john?,time,chemistry,john
What time is the math class with professor james?,time,math,james
What time is the science class with professor james?,time,science,james
What time is the english class with professor james?,time,english,james
What time is the history class with professor james?,time,history,james
What time is the physics class with professor james?,time,physics,james
What time is the chemistry class with professor james?,time,chemistry,james
What time is the math class with professor ben?,time,math,ben
What time is the science class with professor ben?,time,science,ben
What time is the english class with professor ben?,time,english,ben
What time is the history class with professor ben?,time,history,ben
What time is the physics class with professor ben?,time,physics,ben
What time is the chemistry class with professor ben?,time,chemistry,ben
What time is the math class with professor susy?,time,math,susy
What time is the science class with professor susy?,time,science,susy
What time is the english class with professor susy?,time,english,susy
What time is the history class with professor susy?,time,history,susy
What time is the physics class with professor susy?,time,physics,susy
What time is the chemistry class with professor susy?,time,chemistry,susy
What time is the math class with professor lily?,time,math,lily
What time is the science class with professor lily?,time,science,lily
What time is the english class with professor lily?,time,english,lily
What time is the history class with professor lily?,time,history,lily
What time is the physics class with professor lily?,time,physics,lily
What time is the chemistry class with professor lily?,time,chemistry,lily
What time is the math class with professor sophia?,time,math,sophia
What time is the science class with professor sophia?,time,science,sophia
What time is the english class with professor sophia?,time,english,sophia
What time is the history class with professor sophia?,time,history,sophia
What time is the physics class with professor sophia?,time,physics,sophia
What time is the chemistry class with professor sophia?,time,chemistry,sophia
What time is the math class for ninth grade?,time,math,9
What time is the science class for ninth grade?,time,science,9
What time is the english class for ninth grade?,time,english,9
What time is the history class for ninth grade?,time,history,9
What time is the physics class for ninth grade?,time,physics,9
What time is the chemistry class for ninth grade,time,chemistry,9
What time is the math class for tenth grade?,time,math,10
What time is the science class for tenth grade?,time,science,10
What time is the english class for tenth grade?,time,english,10
What time is the history class for tenth grade?,time,history,10
What time is the physics class for tenth grade?,time,physics,10
What time is the chemistry class for tenth grade,time,chemistry,10
What time is the math class for eleventh grade?,time,math,11
What time is the science class for eleventh grade?,time,science,11
What time is the english class for eleventh grade?,time,english,11
What time is the history class for eleventh grade?,time,history,11
What time is the physics class for eleventh grade?,time,physics,11
What time is the chemistry class for eleventh grade,time,chemistry,11
What time is the math class for twelfth grade?,time,math,12
What time is the science class for twelfth grade?,time,science,12
What time is the english class for twelfth grade?,time,english,12
What time is the history class for twelfth grade?,time,history,12
What time is the physics class for twelfth grade?,time,physics,12
What time is the chemistry class for twelfth grade,time,chemistry,12
What time is the math class for nine grade?,time,math,9
What time is the science class for nine grade?,time,science,9
What time is the english class for nine grade?,time,english,9
What time is the history class for nine grade?,time,history,9
What time is the physics class for nine grade?,time,physics,9
What time is the chemistry class for nine grade,time,chemistry,9
What time is the math class for ten grade?,time,math,10
What time is the science class for ten grade?,time,science,10
What time is the english class for ten grade?,time,english,10
What time is the history class for ten grade?,time,history,10
What time is the physics class for ten grade?,time,physics,10
What time is the chemistry class for ten grade,time,chemistry,10
What time is the math class for eleven grade?,time,math,11
What time is the science class for eleven grade?,time,science,11
What time is the english class for eleven grade?,time,english,11
What time is the history class for eleven grade?,time,history,11
What time is the physics class for eleven grade?,time,physics,11
What time is the chemistry class for eleven grade,time,chemistry,11
What time is the math class for twelve grade?,time,math,12
What time is the science class for twelve grade?,time,science,12
What time is the english class for twelve grade?,time,english,12
What time is the history class for twelve grade?,time,history,12
What time is the physics class for twelve grade?,time,physics,12
What time is the chemistry class for twelve grade,time,chemistry,12
What is the curriculum for math?,curriculum,math
What is the curriculum for science?,curriculum,science
What is the curriculum for english?,curriculum,english
What is the curriculum for history?,curriculum,history
What is the curriculum for physics?,curriculum,physics
What is the curriculum for chemistry?,curriculum,chemistry
What is the curriculum for math in ninth grade?,curriculum,math,9
What is the curriculum for science in ninth grade?,curriculum,science,9
What is the curriculum for english in ninth grade?,curriculum,english,9
What is the curriculum for history in ninth grade?,curriculum,history,9
What is the curriculum for physics in ninth grade?,curriculum,physics,9
What is the curriculum for chemistry in ninth grade?,curriculum,chemistry,9
What is the curriculum for math in tenth grade?,curriculum,math,10
What is the curriculum for science in tenth grade?,curriculum,science,10
What is the curriculum for english in tenth grade?,curriculum,english,10
What is the curriculum for history in tenth grade?,curriculum,history,10
What is the curriculum for physics in tenth grade?,curriculum,physics,10
What is the curriculum for chemistry in tenth grade?,curriculum,chemistry,10
What is the curriculum for math in eleventh grade?,curriculum,math,11
What is the curriculum for science in eleventh grade?,curriculum,science,11
What is the curriculum for english in eleventh grade?,curriculum,english,11
What is the curriculum for history in eleventh grade?,curriculum,history,11
What is the curriculum for physics in eleventh grade?,curriculum,physics,11
What is the curriculum for chemistry in eleventh grade?,curriculum,chemistry,11
What is the curriculum for math in twelfth grade?,curriculum,math,12
What is the curriculum for science in twelfth grade?,curriculum,science,12
What is the curriculum for english in twelfth grade?,curriculum,english,12
What is the curriculum for history in twelfth grade?,curriculum,history,12
What is the curriculum for physics in twelfth grade?,curriculum,physics,12
What is the curriculum for chemistry in twelfth grade?,curriculum,chemistry,12
What is the curriculum for math in nine grade?,curriculum,math,9
What is the curriculum for science in nine grade?,curriculum,science,9
What is the curriculum for english in nine grade?,curriculum,english,9
What is the curriculum for history in nine grade?,curriculum,history,9
What is the curriculum for physics in nine grade?,curriculum,physics,9
What is the curriculum for chemistry in nine grade?,curriculum,chemistry,9
What is the curriculum for math in ten grade?,curriculum,math,10
What is the curriculum for science in ten grade?,curriculum,science,10
What is the curriculum for english in ten grade?,curriculum,english,10
What is the curriculum for history in ten grade?,curriculum,history,10
What is the curriculum for physics in ten grade?,curriculum,physics,10
What is the curriculum for chemistry in ten grade?,curriculum,chemistry,10
What is the curriculum for math in eleven grade?,curriculum,math,11
What is the curriculum for science in eleven grade?,curriculum,science,11
What is the curriculum for english in eleven grade?,curriculum,english,11
What is the curriculum for history in eleven grade?,curriculum,history,11
What is the curriculum for physics in eleven grade?,curriculum,physics,11
What is the curriculum for chemistry in eleven grade?,curriculum,chemistry,11
What is the curriculum for math in twelve grade?,curriculum,math,12
What is the curriculum for science in twelve grade?,curriculum,science,12
What is the curriculum for english in twelve grade?,curriculum,english,12
What is the curriculum for history in twelve grade?,curriculum,history,12
What is the curriculum for physics in twelve grade?,curriculum,physics,12
What is the curriculum for chemistry in twelve grade?,curriculum,chemistry,12
What is the grade for math?,grade,math
What is the grade for science?,grade,science
What is the grade for english?,grade,english
What is the grade for history?,grade,history
What is the grade for physics?,grade,physics
What is the grade for chemistry?,grade,chemistry
What is the grade for math in ninth grade?,grade,math,9
What is the grade for science in ninth grade?,grade,science,9
What is the grade for english in ninth grade?,grade,english,9
What is the grade for history in ninth grade?,grade,history,9
What is the grade for physics in ninth grade?,grade,physics,9
What is the grade for chemistry in ninth grade?,grade,chemistry,9
What is the grade for math in tenth grade?,grade,math,10
What is the grade for science in tenth grade?,grade,science,10
What is the grade for english in tenth grade?,grade,english,10
What is the grade for history in tenth grade?,grade,history,10
What is the grade for physics in tenth grade?,grade,physics,10
What is the grade for chemistry in tenth grade?,grade,chemistry,10
What is the grade for math in eleventh grade?,grade,math,11
What is the grade for science in eleventh grade?,grade,science,11
What is the grade for english in eleventh grade?,grade,english,11
What is the grade for history in eleventh grade?,grade,history,11
What is the grade for physics in eleventh grade?,grade,physics,11
What is the grade for chemistry in eleventh grade?,grade,chemistry,11
What is the grade for math in twelfth grade?,grade,math,12
What is the grade for science in twelfth grade?,grade,science,12
What is the grade for english in twelfth grade?,grade,english,12
What is the grade for history in twelfth grade?,grade,history,12
What is the grade for physics in twelfth grade?,grade,physics,12
What is the grade for chemistry in twelfth grade?,grade,chemistry,12
What is the grade for math in nine grade?,grade,math,9
What is the grade for science in nine grade?,grade,science,9
What is the grade for english in nine grade?,grade,english,9
What is the grade for history in nine grade?,grade,history,9
What is the grade for physics in nine grade?,grade,physics,9
What is the grade for chemistry in nine grade?,grade,chemistry,9
What is the grade for math in ten grade?,grade,math,10
What is the grade for science in ten grade?,grade,science,10
What is the grade for english in ten grade?,grade,english,10
What is the grade for history in ten grade?,grade,history,10
What is the grade for physics in ten grade?,grade,physics,10
What is the grade for chemistry in ten grade?,grade,chemistry,10
What is the grade for math in eleven grade?,grade,math,11
What is the grade for science in eleven grade?,grade,science,11
What is the grade for english in eleven grade?,grade,english,11
What is the grade for history in eleven grade?,grade,history,11
What is the grade for physics in eleven grade?,grade,physics,11
What is the grade for chemistry in eleven grade?,grade,chemistry,11
What is the grade for math in twelve grade?,grade,math,12
What is the grade for science in twelve grade?,grade,science,12
What is the grade for english in twelve grade?,grade,english,12
What is the grade for history in twelve grade?,grade,history,12
What is the grade for physics in twelve grade?,grade,physics,12
What is the grade for chemistry in twelve grade?,grade,chemistry,12
What is my grade for math?,grade,math,student
What is my grade for science?,grade,science,student
What is my grade for english?,grade,english,student
What is my grade for history?,grade,history,student
What is my grade for physics?,grade,physics,student
What is my grade for chemistry?,grade,chemistry,student
What are the mandatory classes for ninth grade?,mandatory,9
What are the mandatory classes for tenth grade?,mandatory,10
What are the mandatory classes for eleventh grade?,mandatory,11
What are the mandatory classes for twelfth grade?,mandatory,12
What are the mandatory classes for nine grade?,mandatory,9
What are the mandatory classes for ten grade?,mandatory,10
What are the mandatory classes for eleven grade?,mandatory,11
What are the mandatory classes for twelve grade?,mandatory,12
What are the optional classes for ninth grade?,optional,9
What are the optional classes for tenth grade?,optional,10
What are the optional classes for eleventh grade?,optional,11
What are the optional classes for twelfth grade?,optional,12
What are the optional classes for nine grade?,optional,9
What are the optional classes for ten grade?,optional,10
What are the optional classes for eleven grade?,optional,11
What are the optional classes for twelve grade?,optional,12
